step,rows,emitted_tokens,wall_ms,wall_ms_per_emitted_token,attention_dsa_kernel_ms,attention_dsa_indexer_kernel_ms,attention_kda_kernel_ms,shared_expert_kernel_ms,router_kernel_ms,routed_expert_kernel_ms,routed_and_shared_kernel_ms,handoff_kernel_ms,hc_norm_kernel_ms,dense_mlp_kernel_ms,device_transfer_kernel_ms,sampling_head_kernel_ms,unknown_kernel_ms,gpu0_busy_ms,gpu0_idle_ms,gpu1_busy_ms,gpu1_idle_ms
0,4,4,56.410333,14.10258325,2.6167284545898437,0.275328125,4.027291748046875,2.373309814453125,0.549507568359375,3.4794496459960937,0.0,0.32070318603515624,1.0618251953125,0.22646392822265626,0.0,0.01139007568359375,0.2811838989257813,7.69467333984375,48.71565966015625,7.60600732421875,48.80432567578125
1,4,4,50.314128,12.578532,2.6112572631835937,0.27651287841796873,4.029365478515625,2.374175720214844,0.5487953491210937,5.39435888671875,0.0,0.3186248779296875,1.0518375854492188,0.2275819091796875,0.0,0.0112320556640625,0.27334405517578125,8.279219055175782,42.03490894482422,8.914764038085938,41.39936396191406
2,4,4,56.073157,14.01828925,2.6056268310546873,0.27593182373046876,4.0231572265625,2.3686676635742185,0.5492156372070313,3.2530478515625,0.0,0.30214398193359376,1.0657280883789062,0.227552001953125,0.0,0.011199951171875,0.27843206787109376,7.650748657226562,48.42240834277344,7.391815673828125,48.681341326171875
3,4,4,68.291936,17.072984,3.382835876464844,0.2991978759765625,4.018243286132813,2.3734077758789063,0.5494766845703125,5.036728759765625,0.0,0.322686279296875,1.0497620849609375,0.22675,0.0,0.01152105712890625,0.28393402099609377,8.577714538574218,59.71422146142579,9.073398071289063,59.218537928710944
4,4,4,52.868524,13.217131,2.613382080078125,0.29903900146484375,4.021855590820312,2.375230712890625,0.5495665893554688,3.3406387329101563,0.0,0.3174082641601563,1.05881689453125,0.22681597900390624,0.0,0.0117430419921875,0.2791700439453125,7.64096630859375,45.22755769140625,7.530076721191406,45.338447278808594
5,4,4,56.819824999999994,14.204956249999999,2.613020568847656,0.29913604736328125,4.019516662597656,2.372634033203125,0.5488601684570312,4.525087219238281,0.0,0.314946533203125,1.0616362915039061,0.22774395751953125,0.0,0.011135986328125,0.2766390380859375,8.033412170410156,48.786412829589835,8.31425634765625,48.50556865234374
6,4,4,55.095193,13.77379825,2.6138207397460937,0.2995809326171875,4.0206734008789065,2.3760618896484376,0.5496688842773437,4.256569641113281,0.0,0.32655615234375,1.0577611694335938,0.2282559814453125,0.0,0.01123193359375,0.28729498291015626,8.083107849121093,47.01208515087891,8.021453857421875,47.07373914257813
7,4,4,73.83316400000001,18.458291000000003,3.3849569091796874,0.30198114013671873,4.024955810546875,2.370398681640625,0.5487667236328125,3.23660693359375,0.0,0.32105694580078126,1.0562579956054687,0.22806396484375,0.0,0.0113919677734375,0.2805430297851563,8.035744506835938,65.79741949316407,7.817772705078125,66.01539129492188
8,4,4,56.892673,14.22316825,2.60956689453125,0.30242974853515625,4.022066772460938,2.3716168212890625,0.5485774536132813,3.3836719970703126,0.0,0.324349365234375,1.0625545654296875,0.227712890625,0.0,0.0110400390625,0.2798709716796875,7.794709167480469,49.09796383251953,7.425675354003906,49.466997645996095
9,4,4,58.805499000000005,14.701374750000001,2.613205383300781,0.30176055908203125,4.020570861816406,2.369049865722656,0.5494035034179687,3.9317401123046873,0.0,0.3368313598632813,1.0703656005859374,0.22764794921875,0.0,0.01129498291015625,0.2783350830078125,7.8803795776367185,50.92511942236329,7.906944091796875,50.89855490820313
10,4,4,58.812082000000004,14.703020500000001,2.607405700683594,0.3020816650390625,4.029434143066406,2.3715807495117187,0.54841552734375,3.1399658203125,0.0,0.31395111083984373,1.0639982299804687,0.226719970703125,0.0,0.01110400390625,0.2771199951171875,7.621614318847656,51.19046768115235,7.3549326782226565,51.45714932177735
11,4,4,76.48171799999999,19.120429499999997,3.383780029296875,0.304921142578125,4.028853515625,2.372576904296875,0.5489934692382813,3.305053161621094,0.0,0.31539239501953126,1.062394287109375,0.2281600341796875,0.0,0.01126397705078125,0.27775897216796874,8.16138067626953,68.32033732373046,7.770597412109375,68.7111205878906
12,4,4,55.370382,13.8425955,2.6110763549804688,0.30473577880859376,4.026081604003906,2.3717730102539063,0.5481904907226562,3.559900146484375,0.0,0.31446319580078125,1.0651871337890626,0.22723095703125,0.0,0.0114559326171875,0.27807916259765625,7.852896911621094,47.517485088378905,7.542360900878906,47.828021099121095
13,4,4,58.121739999999996,14.530434999999999,2.6135391845703126,0.30639886474609374,4.027394287109375,2.37238037109375,0.5478374633789063,3.2580447387695313,0.0,0.3253120727539062,1.0662697143554687,0.2279678955078125,0.0,0.0112960205078125,0.27984002685546877,7.608549682617188,50.51319031738281,7.504882934570312,50.616857065429684
14,4,4,57.324056,14.331014,2.607418029785156,0.3050260009765625,4.0178857421875,2.373470703125,0.5492167358398438,3.978169738769531,0.0,0.3241932983398437,1.0652515869140624,0.22806488037109374,0.0,0.01097491455078125,0.27484808349609374,8.086858337402344,49.23719766259765,7.724812438964844,49.59924356103515
15,4,4,76.490434,19.1226085,3.384218811035156,0.3088948974609375,4.027034362792969,2.371744873046875,0.5489575805664062,3.1825556640625,0.0,0.3156791381835938,1.0661471557617188,0.22732794189453126,0.0,0.01135992431640625,0.2802230224609375,8.056572509765624,68.43386149023436,7.756273864746094,68.7341601352539
16,4,4,53.665648000000004,13.416412000000001,2.609052551269531,0.308770751953125,4.022107299804688,2.3733756103515624,0.5485458374023438,3.35311572265625,0.0,0.323773193359375,1.0570587768554687,0.22822393798828125,0.0,0.0113599853515625,0.2801910400390625,7.655302856445313,46.010345143554694,7.537387878417968,46.12826012158204
17,4,4,47.377211,11.84430275,2.606482482910156,0.3096309814453125,4.023325988769531,2.3714205322265625,0.548606201171875,3.4435479125976562,0.0,0.32784112548828126,1.0572826538085938,0.2270399169921875,0.0,0.01120001220703125,0.28086395263671876,7.705748413085938,39.67146258691407,7.578577331542968,39.798633668457036
18,4,4,52.65925,13.1648125,2.60488330078125,0.30985205078125,4.021246643066406,2.3700131225585936,0.548385498046875,3.2171205444335937,0.0,0.321537109375,1.0581762084960937,0.2261439208984375,0.0,0.01132794189453125,0.280510986328125,7.618142517089844,45.04110748291016,7.434220886230468,45.22502911376953
19,4,4,81.283692,20.320923,3.387458312988281,0.3111649169921875,4.0252752685546875,2.373019775390625,0.549081298828125,3.8551358642578126,0.0,0.3358112182617187,1.0648419189453124,0.22793597412109376,0.0,0.01139105224609375,0.2817919921875,8.36158447265625,72.92210752734375,8.157675170898438,73.12601682910156
20,4,4,54.494551,13.62363775,2.6124989013671875,0.3130908203125,4.028789611816406,2.373600036621094,0.5489566040039062,3.2195130615234375,0.0,0.33302215576171873,1.0613154907226563,0.22735992431640625,0.0,0.01094598388671875,0.27523004150390623,7.6407623291015625,46.85378867089844,7.440903381347656,47.05364761865235
21,4,4,53.522959,13.38073975,2.6094793090820314,0.3128016357421875,4.029718505859375,2.3694107055664064,0.5485081787109375,3.274552978515625,0.0,0.3304603271484375,1.0598394165039062,0.22671990966796876,0.0,0.01151995849609375,0.27881512451171875,7.642851867675781,45.88010713232422,7.491823303222656,46.03113569677734
22,4,4,60.682699,15.17067475,2.610825866699219,0.31244580078125,4.028583435058594,2.370395751953125,0.5488986206054688,3.3889906616210936,0.0,0.3099202880859375,1.0662330932617188,0.22771185302734376,0.0,0.01142608642578125,0.2799339599609375,7.745762878417969,52.93693612158203,7.494592651367188,53.188106348632815
23,4,4,75.173562,18.7933905,3.382386962890625,0.3150736694335938,4.030876525878906,2.373308898925781,0.54924609375,3.180795654296875,0.0,0.31734521484375,1.0583997192382812,0.22665606689453124,0.0,0.01142401123046875,0.28457501220703124,8.032018127441406,67.1415438725586,7.7869306640625,67.38663133593751
24,4,4,58.011392,14.502848,2.6129514770507813,0.31606573486328127,4.02374072265625,2.3747496337890626,0.5497318725585938,4.412093627929687,0.0,0.3235502319335937,1.0627811889648437,0.22860791015625,0.0,0.011135986328125,0.2807670288085938,8.049567016601562,49.96182498339844,8.23230438232422,49.779087617675785
25,4,4,56.3341,14.083525,2.6164148559570313,0.314559814453125,4.026546936035157,2.3701118774414063,0.5481227416992187,3.212860900878906,0.0,0.3207613525390625,1.0583690185546875,0.2286400146484375,0.0,0.01129595947265625,0.28179107666015624,7.669662170410156,48.66443782958984,7.401156616210938,48.93294338378906
26,4,4,52.594088000000006,13.148522000000002,2.608351989746094,0.31532861328125,4.021368347167969,2.37398095703125,0.5498555297851563,3.3747491455078125,0.0,0.32592041015625,1.0562254638671875,0.22863787841796876,0.0,0.0114549560546875,0.28307196044921873,7.708417114257813,44.88567088574219,7.517259399414063,45.07682860058594
27,4,4,81.268494,20.3171235,3.384773010253906,0.3176976318359375,4.033943359375,2.3793847045898437,0.5503388671875,4.319165893554688,0.0,0.3240303955078125,1.0635150756835938,0.227488037109375,0.0,0.01145599365234375,0.28326300048828124,8.346044982910156,72.92244901708985,8.637647827148438,72.63084617285156
28,4,4,55.151219,13.78780475,2.613051086425781,0.31817718505859377,4.021762023925781,2.37186669921875,0.549056640625,4.524184692382812,0.0,0.32175732421875,1.0595549926757812,0.22886395263671874,0.0,0.01148797607421875,0.27935906982421876,8.20669610595703,46.94452289404297,8.169703369140626,46.98151563085937
29,4,4,54.483760000000004,13.620940000000001,2.613468200683594,0.3187507934570312,4.024605224609375,2.37577294921875,0.5486397094726563,3.264447204589844,0.0,0.3072623291015625,1.0607363891601562,0.22809600830078125,0.0,0.011135986328125,0.27235113525390625,7.610334838867187,46.873425161132815,7.499474060058594,46.98428593994141
30,4,4,56.299684,14.074921,2.605114501953125,0.31862066650390625,4.0431254272460935,2.3752003173828125,0.5510064697265625,3.2108751220703127,0.0,0.34490020751953127,1.0610590209960937,0.22790496826171874,0.0,0.0113599853515625,0.28188702392578124,7.717143737792969,48.58254026220703,7.39118896484375,48.90849503515625
31,4,4,76.253828,19.063457,3.382880859375,0.27738128662109374,4.018741088867188,2.372382568359375,0.5481572875976563,3.2201239624023437,0.0,0.3107153930664063,1.0539819946289062,0.2273280029296875,0.0,0.011072021484375,0.27593603515625,7.994253295898438,68.25957470410157,7.799326171875,68.454501828125
