jobs,gap_avg_ms,gap_max_ms,worker_spin_avg_ms,worker_spin_max_ms,compute_avg_ms,compute_max_ms,empty_jobs,cpu_assign_per_row,scope
64,30.194,587.708,0.006,0.043,7.4,13.744,0,0.0,64 worker jobs; mixed layers/phases; not per-token
128,2.858,20.908,0.006,0.037,6.182,11.492,0,1.5,64 worker jobs; mixed layers/phases; not per-token
192,0.572,29.968,0.096,0.226,0.396,0.796,1,3.42,64 worker jobs; mixed layers/phases; not per-token
256,0.113,1.41,0.121,0.309,0.371,0.791,0,3.36,64 worker jobs; mixed layers/phases; not per-token
320,0.017,1.103,0.157,0.294,0.4,0.748,1,3.67,64 worker jobs; mixed layers/phases; not per-token
384,0.035,1.137,0.16,0.307,0.429,0.791,0,3.97,64 worker jobs; mixed layers/phases; not per-token
448,0.017,1.075,0.156,0.299,0.426,0.855,0,3.92,64 worker jobs; mixed layers/phases; not per-token
512,0.036,1.169,0.162,0.304,0.399,0.882,2,3.69,64 worker jobs; mixed layers/phases; not per-token
576,0.017,1.081,0.159,0.296,0.41,0.775,1,3.8,64 worker jobs; mixed layers/phases; not per-token
640,0.033,1.062,0.162,0.306,0.362,0.741,1,3.28,64 worker jobs; mixed layers/phases; not per-token
704,0.017,1.063,0.156,0.306,0.384,0.656,0,3.55,64 worker jobs; mixed layers/phases; not per-token
768,0.034,1.077,0.159,0.299,0.401,0.73,0,3.67,64 worker jobs; mixed layers/phases; not per-token
832,0.017,1.052,0.159,0.313,0.396,0.826,0,3.61,64 worker jobs; mixed layers/phases; not per-token
896,0.034,1.1,0.159,0.319,0.402,0.744,1,3.69,64 worker jobs; mixed layers/phases; not per-token
960,0.017,1.06,0.163,0.304,0.384,0.783,2,3.56,64 worker jobs; mixed layers/phases; not per-token
1024,0.035,1.142,0.161,0.308,0.424,0.794,1,3.86,64 worker jobs; mixed layers/phases; not per-token
1088,0.018,1.118,0.16,0.295,0.331,0.628,1,3.06,64 worker jobs; mixed layers/phases; not per-token
1152,0.035,1.132,0.16,0.293,0.416,0.774,1,3.8,64 worker jobs; mixed layers/phases; not per-token
1216,0.018,1.137,0.159,0.335,0.433,0.785,1,4.05,64 worker jobs; mixed layers/phases; not per-token
1280,0.036,1.179,0.158,0.311,0.395,0.671,1,3.61,64 worker jobs; mixed layers/phases; not per-token
1344,0.017,1.04,0.16,0.316,0.379,0.829,0,3.52,64 worker jobs; mixed layers/phases; not per-token
1408,0.032,1.058,0.167,0.348,0.324,0.832,4,2.91,64 worker jobs; mixed layers/phases; not per-token
1472,0.034,1.099,0.161,0.297,0.396,0.823,1,3.66,64 worker jobs; mixed layers/phases; not per-token
1536,0.018,1.064,0.155,0.313,0.398,0.85,0,3.66,64 worker jobs; mixed layers/phases; not per-token
1600,0.033,1.064,0.165,0.341,0.387,0.733,3,3.59,64 worker jobs; mixed layers/phases; not per-token
1664,0.017,1.086,0.162,0.349,0.284,0.741,3,2.56,64 worker jobs; mixed layers/phases; not per-token
1728,0.034,1.097,0.159,0.316,0.377,0.731,0,3.45,64 worker jobs; mixed layers/phases; not per-token
1792,0.017,1.076,0.159,0.309,0.383,0.737,2,3.53,64 worker jobs; mixed layers/phases; not per-token
1856,0.033,1.061,0.161,0.312,0.381,0.739,1,3.48,64 worker jobs; mixed layers/phases; not per-token
1920,0.017,1.079,0.159,0.301,0.378,0.838,0,3.5,64 worker jobs; mixed layers/phases; not per-token
1984,0.035,1.159,0.161,0.315,0.417,0.776,2,3.88,64 worker jobs; mixed layers/phases; not per-token
2048,0.017,1.047,0.158,0.303,0.383,0.886,1,3.55,64 worker jobs; mixed layers/phases; not per-token
2112,0.031,0.997,0.161,0.32,0.418,0.735,1,3.88,64 worker jobs; mixed layers/phases; not per-token
2176,0.016,0.989,0.16,0.322,0.389,0.772,0,3.64,64 worker jobs; mixed layers/phases; not per-token
2240,0.031,1.022,0.16,0.334,0.442,0.778,0,4.06,64 worker jobs; mixed layers/phases; not per-token
2304,0.016,1.01,0.16,0.327,0.427,0.738,1,4.02,64 worker jobs; mixed layers/phases; not per-token
2368,0.032,1.017,0.16,0.317,0.416,0.88,0,3.81,64 worker jobs; mixed layers/phases; not per-token
2432,0.017,1.099,0.159,0.324,0.408,0.729,1,3.81,64 worker jobs; mixed layers/phases; not per-token
2496,0.032,1.015,0.161,0.324,0.374,0.728,1,3.44,64 worker jobs; mixed layers/phases; not per-token
2560,0.016,0.987,0.159,0.315,0.397,0.733,1,3.66,64 worker jobs; mixed layers/phases; not per-token
2624,0.033,1.045,0.158,0.316,0.422,0.736,0,3.88,64 worker jobs; mixed layers/phases; not per-token
2688,0.016,1.003,0.162,0.324,0.377,0.816,1,3.53,64 worker jobs; mixed layers/phases; not per-token
2752,0.032,1.065,0.159,0.317,0.425,0.816,0,3.89,64 worker jobs; mixed layers/phases; not per-token
2816,0.034,1.101,0.162,0.314,0.404,0.834,1,3.75,64 worker jobs; mixed layers/phases; not per-token
2880,0.017,1.094,0.155,0.303,0.414,0.829,0,3.81,64 worker jobs; mixed layers/phases; not per-token
2944,0.033,1.08,0.165,0.313,0.379,0.748,3,3.5,64 worker jobs; mixed layers/phases; not per-token
3008,0.016,1.015,0.16,0.335,0.349,0.63,1,3.2,64 worker jobs; mixed layers/phases; not per-token
3072,0.035,1.144,0.163,0.334,0.401,0.78,3,3.72,64 worker jobs; mixed layers/phases; not per-token
3136,0.017,1.046,0.157,0.316,0.421,0.767,0,3.91,64 worker jobs; mixed layers/phases; not per-token
3200,0.034,1.113,0.161,0.327,0.367,0.675,1,3.34,64 worker jobs; mixed layers/phases; not per-token
3264,0.017,1.06,0.159,0.304,0.392,0.631,0,3.64,64 worker jobs; mixed layers/phases; not per-token
3328,0.033,1.063,0.16,0.314,0.387,0.731,1,3.55,64 worker jobs; mixed layers/phases; not per-token
3392,0.016,1.033,0.157,0.319,0.406,0.824,0,3.77,64 worker jobs; mixed layers/phases; not per-token
3456,0.035,1.186,0.16,0.298,0.406,0.827,1,3.73,64 worker jobs; mixed layers/phases; not per-token
3520,0.017,1.045,0.166,0.352,0.348,0.723,4,3.23,64 worker jobs; mixed layers/phases; not per-token
3584,0.032,1.018,0.16,0.319,0.347,0.655,1,3.16,64 worker jobs; mixed layers/phases; not per-token
3648,0.017,1.052,0.158,0.315,0.424,0.771,0,3.95,64 worker jobs; mixed layers/phases; not per-token
3712,0.032,1.047,0.159,0.324,0.374,0.722,1,3.44,64 worker jobs; mixed layers/phases; not per-token
3776,0.015,0.927,0.179,0.337,0.293,0.728,10,2.69,64 worker jobs; mixed layers/phases; not per-token
3840,0.031,1.023,0.167,0.334,0.306,0.799,4,2.75,64 worker jobs; mixed layers/phases; not per-token
3904,0.016,0.994,0.158,0.314,0.364,0.767,0,3.38,64 worker jobs; mixed layers/phases; not per-token
3968,0.032,1.089,0.161,0.336,0.39,0.735,2,3.58,64 worker jobs; mixed layers/phases; not per-token
4032,0.016,1.009,0.159,0.306,0.38,0.82,0,3.55,64 worker jobs; mixed layers/phases; not per-token
4096,0.031,1.005,0.159,0.33,0.415,0.783,0,3.78,64 worker jobs; mixed layers/phases; not per-token
4160,0.032,1.049,0.161,0.338,0.369,0.791,1,3.39,64 worker jobs; mixed layers/phases; not per-token
4224,0.018,1.112,0.156,0.294,0.42,0.869,0,3.84,64 worker jobs; mixed layers/phases; not per-token
4288,0.037,1.201,0.161,0.331,0.404,0.876,2,3.73,64 worker jobs; mixed layers/phases; not per-token
4352,0.018,1.107,0.158,0.305,0.423,0.788,0,3.86,64 worker jobs; mixed layers/phases; not per-token
4416,0.034,1.086,0.162,0.31,0.379,0.737,1,3.48,64 worker jobs; mixed layers/phases; not per-token
4480,0.017,1.054,0.157,0.33,0.368,0.78,0,3.36,64 worker jobs; mixed layers/phases; not per-token
4544,0.036,1.148,0.159,0.297,0.414,0.831,0,3.83,64 worker jobs; mixed layers/phases; not per-token
4608,0.018,1.104,0.157,0.322,0.396,0.823,0,3.66,64 worker jobs; mixed layers/phases; not per-token
4672,0.035,1.117,0.16,0.305,0.444,0.762,0,4.11,64 worker jobs; mixed layers/phases; not per-token
4736,0.017,1.088,0.157,0.308,0.406,0.821,0,3.72,64 worker jobs; mixed layers/phases; not per-token
4800,0.036,1.163,0.162,0.296,0.429,0.756,1,3.84,64 worker jobs; mixed layers/phases; not per-token
4864,0.018,1.129,0.161,0.314,0.392,0.827,1,3.64,64 worker jobs; mixed layers/phases; not per-token
4928,0.034,1.089,0.16,0.308,0.416,0.78,1,3.83,64 worker jobs; mixed layers/phases; not per-token
4992,0.018,1.104,0.158,0.335,0.431,0.824,1,4.02,64 worker jobs; mixed layers/phases; not per-token
5056,0.037,1.2,0.159,0.311,0.405,0.687,1,3.69,64 worker jobs; mixed layers/phases; not per-token
5120,0.017,1.077,0.16,0.346,0.385,0.737,1,3.55,64 worker jobs; mixed layers/phases; not per-token
5184,0.035,1.112,0.16,0.306,0.412,0.77,1,3.77,64 worker jobs; mixed layers/phases; not per-token
5248,0.017,1.106,0.158,0.307,0.427,0.778,0,4.0,64 worker jobs; mixed layers/phases; not per-token
5312,0.036,1.196,0.159,0.308,0.393,0.772,1,3.59,64 worker jobs; mixed layers/phases; not per-token
5376,0.017,1.082,0.163,0.349,0.389,0.735,2,3.64,64 worker jobs; mixed layers/phases; not per-token
5440,0.032,1.047,0.161,0.332,0.379,0.797,1,3.44,64 worker jobs; mixed layers/phases; not per-token
5504,0.035,1.148,0.161,0.331,0.383,0.732,2,3.55,64 worker jobs; mixed layers/phases; not per-token
5568,0.744,44.525,0.13,0.25,0.392,0.798,2,3.52,64 worker jobs; mixed layers/phases; not per-token
5632,0.215,1.94,0.077,0.24,0.361,0.873,2,3.16,64 worker jobs; mixed layers/phases; not per-token
5696,0.21,1.949,0.057,0.145,0.387,0.773,1,3.44,64 worker jobs; mixed layers/phases; not per-token
5760,0.184,2.047,0.086,0.243,0.442,0.772,2,3.91,64 worker jobs; mixed layers/phases; not per-token
5824,0.268,2.014,0.048,0.205,0.239,0.712,13,2.05,64 worker jobs; mixed layers/phases; not per-token
5888,0.184,1.978,0.08,0.236,0.436,0.869,0,3.84,64 worker jobs; mixed layers/phases; not per-token
5952,0.211,1.973,0.054,0.155,0.365,0.78,0,3.2,64 worker jobs; mixed layers/phases; not per-token
6016,0.228,2.903,0.06,0.143,0.42,0.767,0,3.72,64 worker jobs; mixed layers/phases; not per-token
6080,0.166,1.972,0.073,0.231,0.449,0.877,0,4.0,64 worker jobs; mixed layers/phases; not per-token
6144,0.213,2.025,0.063,0.141,0.428,0.888,0,3.81,64 worker jobs; mixed layers/phases; not per-token
6208,0.187,2.037,0.077,0.436,0.433,0.775,2,3.88,64 worker jobs; mixed layers/phases; not per-token
6272,0.209,2.099,0.069,0.248,0.405,0.779,1,3.58,64 worker jobs; mixed layers/phases; not per-token
6336,0.195,2.104,0.06,0.152,0.415,0.797,1,3.67,64 worker jobs; mixed layers/phases; not per-token
6400,0.212,2.207,0.07,0.239,0.443,0.801,0,3.91,64 worker jobs; mixed layers/phases; not per-token
6464,0.198,2.123,0.065,0.243,0.404,0.869,0,3.59,64 worker jobs; mixed layers/phases; not per-token
6528,0.199,2.042,0.073,0.234,0.424,0.78,0,3.77,64 worker jobs; mixed layers/phases; not per-token
6592,0.18,1.917,0.078,0.25,0.436,0.885,0,3.91,64 worker jobs; mixed layers/phases; not per-token
6656,0.201,1.926,0.074,0.243,0.439,0.769,0,3.91,64 worker jobs; mixed layers/phases; not per-token
6720,0.163,1.979,0.082,0.238,0.439,0.785,0,3.92,64 worker jobs; mixed layers/phases; not per-token
6784,0.236,2.046,0.05,0.114,0.408,0.67,0,3.62,64 worker jobs; mixed layers/phases; not per-token
6848,0.226,2.274,0.067,0.245,0.42,0.796,3,3.72,64 worker jobs; mixed layers/phases; not per-token
