layer,calls,cpu_enqueue_ms_per_step,attributed_kernel_sum_ms_per_step,attributed_gpu_busy_ms_per_step,gpu_span_ms_per_step,gpu_collect_wait_ms_per_step,gpu_slot_reuse_wait_ms_per_step,cpu_worker_spin_ms_per_step,spin_status
model.language_model.layers.0,32,0.30276925,0.15412727355957032,0.15412727355957032,0.27943442153930664,0.0,0.0,,unobservable: native aggregate has no layer IDs
model.language_model.layers.1,32,0.268433625,0.1539378128051758,0.1539378128051758,0.25579718017578124,0.0,0.0,,unobservable: native aggregate has no layer IDs
model.language_model.layers.10,32,0.6137443124999999,0.21709339714050294,0.21709339714050294,0.583727575302124,0.2461360000888817,0.00851999998485553,,unobservable: native aggregate has no layer IDs
model.language_model.layers.11,32,0.574799,0.3128376522064209,0.3128376522064209,0.6152335052490234,0.22222500030693482,0.0042199999807053246,,unobservable: native aggregate has no layer IDs
model.language_model.layers.12,32,0.6074601875,0.21324305725097656,0.21324305725097656,0.6410089111328126,0.3029169995970733,0.00887399997736793,,unobservable: native aggregate has no layer IDs
model.language_model.layers.13,32,0.6080443750000001,0.21832649421691894,0.21832649421691894,0.566874361038208,0.22323599972878583,0.008731999925657874,,unobservable: native aggregate has no layer IDs
model.language_model.layers.14,32,0.5991284375,0.21271048736572265,0.21271048736572265,0.699446626663208,0.33717100182548165,0.008916999908251455,,unobservable: native aggregate has no layer IDs
model.language_model.layers.15,32,0.5974514375,0.30452843475341795,0.30452843475341795,0.7655099086761474,0.41418899735435843,0.004482999996980652,,unobservable: native aggregate has no layer IDs
model.language_model.layers.16,32,0.6703400312500001,0.21498006248474122,0.21498006248474122,0.5699463558197021,0.29552199950558133,0.006135999963589711,,unobservable: native aggregate has no layer IDs
model.language_model.layers.17,32,0.636968125,0.20868596076965332,0.20868596076965332,0.7202328834533691,0.3985469967883546,0.00827499999286374,,unobservable: native aggregate has no layer IDs
model.language_model.layers.18,32,0.6385545625,0.2130350570678711,0.2130350570678711,0.6294985408782959,0.33328000047185924,0.006374999968102202,,unobservable: native aggregate has no layer IDs
model.language_model.layers.19,32,0.60747434375,0.31209429740905764,0.31209429740905764,0.6258127574920654,0.2630800012702821,0.0038910000075702555,,unobservable: native aggregate has no layer IDs
model.language_model.layers.2,32,0.23291796875,0.15334827613830565,0.15334827613830565,0.22728826713562011,0.0,0.0,,unobservable: native aggregate has no layer IDs
model.language_model.layers.20,32,0.62563459375,0.21473670196533204,0.21473670196533204,0.6085445728302001,0.29602399918076117,0.007296999992831843,,unobservable: native aggregate has no layer IDs
model.language_model.layers.21,32,0.6204523125,0.20585028839111327,0.20585028839111327,0.7756006546020507,0.46516300132498145,0.007392000017716782,,unobservable: native aggregate has no layer IDs
model.language_model.layers.22,32,0.64064840625,0.2168148880004883,0.2168148880004883,0.5678316020965576,0.29313499929048703,0.006810000028053764,,unobservable: native aggregate has no layer IDs
model.language_model.layers.23,32,0.6330200625,0.3050449638366699,0.3050449638366699,0.743814598083496,0.3832890030462295,0.004150999986450188,,unobservable: native aggregate has no layer IDs
model.language_model.layers.24,32,0.66911246875,0.22036981010437012,0.22036981010437012,0.6686230163574218,0.3108270019183692,0.010648999937984627,,unobservable: native aggregate has no layer IDs
model.language_model.layers.25,32,0.56500415625,0.23206141090393068,0.23206141090393068,0.3861882781982422,0.05149100012567942,0.007221999985631555,,unobservable: native aggregate has no layer IDs
model.language_model.layers.26,32,0.5296199375,0.22673819923400879,0.22673819923400879,0.5891629467010498,0.18136399928334868,0.01005500000610482,,unobservable: native aggregate has no layer IDs
model.language_model.layers.27,32,0.6491035937499999,0.31755475044250486,0.3181106815338135,0.7445046710968017,0.28396399998746347,0.005166000009921845,,unobservable: native aggregate has no layer IDs
model.language_model.layers.28,32,0.5740973125000001,0.22685671615600586,0.22685671615600586,0.4638810729980469,0.12018799998259055,0.008570999932999257,,unobservable: native aggregate has no layer IDs
model.language_model.layers.29,32,0.5352035937499999,0.2293625831604004,0.2293625831604004,0.501141040802002,0.09937499956868123,0.009878000084427185,,unobservable: native aggregate has no layer IDs
model.language_model.layers.3,32,0.42398178124999997,0.31308969497680667,0.3136046962738037,0.7068906650543213,0.25939500075764954,0.004627999966032803,,unobservable: native aggregate has no layer IDs
model.language_model.layers.30,32,0.5525038125,0.21956619834899901,0.21956619834899901,0.7112537612915039,0.3209170039044693,0.01027500006603077,,unobservable: native aggregate has no layer IDs
model.language_model.layers.31,32,0.5748546874999999,0.3247615184783936,0.3247615184783936,0.5086310577392578,0.12564299924997613,0.005686999989848118,,unobservable: native aggregate has no layer IDs
model.language_model.layers.32,32,0.5953023125,0.2215523567199707,0.2215523567199707,0.6625057868957519,0.2813009985984536,0.01017099994351156,,unobservable: native aggregate has no layer IDs
model.language_model.layers.33,32,0.6167493125,0.2209924659729004,0.2209924659729004,0.6357008266448975,0.28185499876053655,0.008501999978761887,,unobservable: native aggregate has no layer IDs
model.language_model.layers.34,32,0.6049896874999999,0.21883747100830078,0.21883747100830078,0.6828806648254394,0.34704099921509624,0.008778000017628074,,unobservable: native aggregate has no layer IDs
model.language_model.layers.35,32,0.61254334375,0.30851048278808596,0.30851048278808596,0.8804714183807373,0.5192770032444969,0.005257999975583516,,unobservable: native aggregate has no layer IDs
model.language_model.layers.36,32,0.68949015625,0.2179269332885742,0.2179269332885742,0.6575197658538818,0.39118500021868385,0.005615000052785035,,unobservable: native aggregate has no layer IDs
model.language_model.layers.37,32,0.66129421875,0.21976533699035644,0.21976533699035644,0.6626037311553955,0.37989800119248684,0.005800000020826701,,unobservable: native aggregate has no layer IDs
model.language_model.layers.38,32,0.65938171875,0.21925544929504395,0.21925544929504395,0.6341278266906738,0.35512999823185964,0.006434999977500411,,unobservable: native aggregate has no layer IDs
model.language_model.layers.39,32,0.6327000312500001,0.3109845104217529,0.3109845104217529,0.8131335105895996,0.45048700225015637,0.004537000000709668,,unobservable: native aggregate has no layer IDs
model.language_model.layers.4,32,0.651630625,0.21994032096862792,0.21994032096862792,0.49464347076416015,0.19003399986831937,0.006515000022773165,,unobservable: native aggregate has no layer IDs
model.language_model.layers.40,32,0.6680485625,0.21190143394470215,0.21190143394470215,0.7176036949157715,0.4678129990788875,0.005506000004970701,,unobservable: native aggregate has no layer IDs
model.language_model.layers.41,32,0.6868495,0.21947516250610352,0.21947516250610352,0.6175897960662842,0.3441419994633179,0.005913000000873581,,unobservable: native aggregate has no layer IDs
model.language_model.layers.42,32,0.63255,0.22171082496643066,0.22171082496643066,0.5750109138488769,0.2974760023789713,0.005969000005279668,,unobservable: native aggregate has no layer IDs
model.language_model.layers.43,32,0.6136666249999999,0.3187944717407227,0.3187944717407227,0.6427588958740235,0.27719499936210923,0.005095000000437722,,unobservable: native aggregate has no layer IDs
model.language_model.layers.44,32,0.690192125,0.22544670677185058,0.22544670677185058,0.5028700466156006,0.17222100189246703,0.0069499999735853635,,unobservable: native aggregate has no layer IDs
model.language_model.layers.5,32,0.56184759375,0.22286310958862304,0.22286310958862304,0.5100274410247803,0.1350899988647143,0.009475999988353578,,unobservable: native aggregate has no layer IDs
model.language_model.layers.6,32,0.5450676875,0.2205638122558594,0.2205638122558594,0.555646635055542,0.16408499926910736,0.009917999952449463,,unobservable: native aggregate has no layer IDs
model.language_model.layers.7,32,0.56762571875,0.3126542587280273,0.3126542587280273,0.6716738166809082,0.26127400039695203,0.004751000000396743,,unobservable: native aggregate has no layer IDs
model.language_model.layers.8,32,0.6041619375,0.21808515357971192,0.21808515357971192,0.5791493854522705,0.2257769999851007,0.00863900007243501,,unobservable: native aggregate has no layer IDs
model.language_model.layers.9,32,0.598639,0.21349951553344726,0.21349951553344726,0.6771308174133301,0.3160899984650314,0.009329999971669167,,unobservable: native aggregate has no layer IDs
