device,category,calls,kernel_ms_per_step,kernel_ms_per_emitted_token
0,attention_dsa,1536,0.36205109786987305,0.36205109786987305
0,attention_dsa_indexer,1152,0.18523331260681153,0.18523331260681153
0,attention_kda,4608,0.5172014560699463,0.5172014560699463
0,shared_expert,0,0.0,0.0
0,router,1344,0.1523748779296875,0.1523748779296875
0,routed_expert,0,0.0,0.0
0,routed_and_shared,2688,2.1538347721099855,2.1538347721099855
0,handoff,1344,0.1275052318572998,0.1275052318572998
0,hc_norm,6912,0.5211061496734619,0.5211061496734619
0,dense_mlp,0,0.0,0.0
0,device_transfer,0,0.0,0.0
0,sampling_head,0,0.0,0.0
0,unknown,3680,1.5574637870788575,1.5574637870788575
1,attention_dsa,1280,0.3108308143615723,0.3108308143615723
1,attention_dsa_indexer,960,0.16171089172363282,0.16171089172363282
1,attention_kda,4096,0.47489485931396486,0.47489485931396486
1,shared_expert,0,0.0,0.0
1,router,1344,0.15836837577819823,0.15836837577819823
1,routed_expert,0,0.0,0.0
1,routed_and_shared,2688,2.2021786823272707,2.2021786823272707
1,handoff,1344,0.1307483787536621,0.1307483787536621
1,hc_norm,6080,0.4726727924346924,0.4726727924346924
1,dense_mlp,0,0.0,0.0
1,device_transfer,0,0.0,0.0
1,sampling_head,32,0.0026899662017822266,0.0026899662017822266
1,unknown,2912,1.5189036273956298,1.5189036273956298
