device,category,activity,kernel,mapping,calls,ms_per_step,ms_per_emitted_token
0,unknown,kernel,"void exl3_gemv_int8_sq_kernel<4, 1, true, false, false>(__half const*, unsigned short const*, void*, int, int, int, int*, __half const*, __half*, __half const*)",unmapped,1344,1.0783750534057617,1.0783750534057617
1,unknown,kernel,"void exl3_gemv_int8_sq_kernel<4, 1, true, false, false>(__half const*, unsigned short const*, void*, int, int, int, int*, __half const*, __half*, __half const*)",unmapped,1184,0.9850871944427491,0.9850871944427491
1,routed_and_shared,kernel,"void exl3_moe_coop_ns::exl3_moe_coop_a_kernel<2, 2, true, false>(MoeCoopParams)",name:exllamav3_ext/libtorch/blocksparse_mlp.cpp:125-204; quant/exl3_moe_coop*.cuh,672,0.8954680099487304,0.8954680099487304
0,routed_and_shared,kernel,"void exl3_moe_coop_ns::exl3_moe_coop_a_kernel<2, 2, true, false>(MoeCoopParams)",name:exllamav3_ext/libtorch/blocksparse_mlp.cpp:125-204; quant/exl3_moe_coop*.cuh,672,0.8909581089019776,0.8909581089019776
1,routed_and_shared,kernel,"void exl3_moe_coop_ns::exl3_moe_coop_a_kernel<4, 2, true, false>(MoeCoopParams)",name:exllamav3_ext/libtorch/blocksparse_mlp.cpp:125-204; quant/exl3_moe_coop*.cuh,672,0.7444176864624024,0.7444176864624024
0,routed_and_shared,kernel,"void exl3_moe_coop_ns::exl3_moe_coop_a_kernel<4, 2, true, false>(MoeCoopParams)",name:exllamav3_ext/libtorch/blocksparse_mlp.cpp:125-204; quant/exl3_moe_coop*.cuh,672,0.7228135662078857,0.7228135662078857
1,routed_and_shared,kernel,"void exl3_moe_coop_ns::exl3_moe_coop_b_kernel<2, 2, false, false>(MoeCoopParams)",name:exllamav3_ext/libtorch/blocksparse_mlp.cpp:125-204; quant/exl3_moe_coop*.cuh,672,0.3783452033996582,0.3783452033996582
0,routed_and_shared,kernel,"void exl3_moe_coop_ns::exl3_moe_coop_b_kernel<2, 2, false, false>(MoeCoopParams)",name:exllamav3_ext/libtorch/blocksparse_mlp.cpp:125-204; quant/exl3_moe_coop*.cuh,672,0.3610806655883789,0.3610806655883789
0,attention_kda,kernel,"void gdn_ba_gemv_kernel<8>(__half const*, __half const*, __half const*, float*, int, int)",name:modules/gated_delta_net.py:1111; vendor/fla/; exllamav3_ext/libtorch/gated_delta_net.cpp,1728,0.2690948429107666,0.2690948429107666
1,unknown,kernel,"void exl3_gemv_int8_sq_kernel<5, 1, false, false, false>(__half const*, unsigned short const*, void*, int, int, int, int*, __half const*, __half*, __half const*)",unmapped,32,0.253098783493042,0.253098783493042
1,attention_kda,kernel,"void gdn_ba_gemv_kernel<8>(__half const*, __half const*, __half const*, float*, int, int)",name:modules/gated_delta_net.py:1111; vendor/fla/; exllamav3_ext/libtorch/gated_delta_net.cpp,1536,0.24697253799438476,0.24697253799438476
0,unknown,kernel,"void exl3_gemv_int8_sq_kernel<4, 1, false, false, false>(__half const*, unsigned short const*, void*, int, int, int, int*, __half const*, __half*, __half const*)",unmapped,768,0.21906288528442383,0.21906288528442383
0,hc_norm,kernel,"void hc_mix_partials_kernel<4, 24, __half>(float const*, __half const*, float*, int, int)","name:modules/hyperconnections.py:157,208; exllamav3_ext/hc_mix.cu:60,137,310,378,742",1536,0.19777038192749025,0.19777038192749025
1,unknown,kernel,"void exl3_gemv_int8_sq_kernel<4, 1, false, false, false>(__half const*, unsigned short const*, void*, int, int, int, int*, __half const*, __half*, __half const*)",unmapped,640,0.18687690353393555,0.18687690353393555
1,routed_and_shared,kernel,"void exl3_moe_coop_ns::exl3_moe_coop_b_kernel<4, 2, false, false>(MoeCoopParams)",name:exllamav3_ext/libtorch/blocksparse_mlp.cpp:125-204; quant/exl3_moe_coop*.cuh,672,0.1839477825164795,0.1839477825164795
0,routed_and_shared,kernel,"void exl3_moe_coop_ns::exl3_moe_coop_b_kernel<4, 2, false, false>(MoeCoopParams)",name:exllamav3_ext/libtorch/blocksparse_mlp.cpp:125-204; quant/exl3_moe_coop*.cuh,672,0.17898243141174316,0.17898243141174316
1,hc_norm,kernel,"void hc_mix_partials_kernel<4, 24, __half>(float const*, __half const*, float*, int, int)","name:modules/hyperconnections.py:157,208; exllamav3_ext/hc_mix.cu:60,137,310,378,742",1344,0.17730908203125,0.17730908203125
0,hc_norm,kernel,"void hc_mix_finalize_kernel<4, 24, false, true>(float const*, float const*, float const*, float const*, float*, float*, void*, int, int, int, float, float, int)","name:modules/hyperconnections.py:157,208; exllamav3_ext/hc_mix.cu:60,137,310,378,742",1536,0.1459276924133301,0.1459276924133301
1,hc_norm,kernel,"void hc_mix_finalize_kernel<4, 24, false, true>(float const*, float const*, float const*, float const*, float*, float*, void*, int, int, int, float, float, int)","name:modules/hyperconnections.py:157,208; exllamav3_ext/hc_mix.cu:60,137,310,378,742",1344,0.13321163940429687,0.13321163940429687
0,attention_dsa_indexer,kernel,"dsa_topk_merge_kernel(int const*, __half const*, int const*, int*, int, int, int, __half*, int*, int, int)","name:modules/attention_fn/dsa_triton.py:604,665,740,799; mla_triton.py:182; exllamav3_ext/dsa_topk.cu",192,0.12532020759582518,0.12532020759582518
0,attention_dsa,kernel,_mla_unfold_kernel,"name:modules/attention_fn/mla_triton.py:74,115,151,207,348; dsa_triton.py:50,291,507",192,0.11222504997253419,0.11222504997253419
1,attention_dsa_indexer,kernel,"dsa_topk_merge_kernel(int const*, __half const*, int const*, int*, int, int, int, __half*, int*, int, int)","name:modules/attention_fn/dsa_triton.py:604,665,740,799; mla_triton.py:182; exllamav3_ext/dsa_topk.cu",160,0.11012782096862793,0.11012782096862793
0,attention_dsa,kernel,_dsa_attn_split_kernel,"name:modules/attention_fn/mla_triton.py:74,115,151,207,348; dsa_triton.py:50,291,507",192,0.10792910194396972,0.10792910194396972
0,unknown,kernel,"void exl3_gemv_int8_sq_kernel<3, 1, false, false, false>(__half const*, unsigned short const*, void*, int, int, int, int*, __half const*, __half*, __half const*)",unmapped,192,0.09905211448669433,0.09905211448669433
1,attention_dsa,kernel,_mla_unfold_kernel,"name:modules/attention_fn/mla_triton.py:74,115,151,207,348; dsa_triton.py:50,291,507",160,0.09715268898010254,0.09715268898010254
1,router,kernel,"routing_gemv_kernel(__half const*, __half const*, __half*, int, int)","name:exllamav3_ext/routing.cu:210,287,344; routing_gemm.cu:83,224",672,0.09687164115905762,0.09687164115905762
0,attention_kda,kernel,"void cuda_recurrent_gated_delta_rule_kernel_128<false, 4, true, float>(__nv_bfloat16 const*, float const*, __nv_bfloat16 const*, float*, __nv_bfloat16*, int, int, int, int, int, int, float, int const*, int, float const*)",name:modules/gated_delta_net.py:1111; vendor/fla/; exllamav3_ext/libtorch/gated_delta_net.cpp,576,0.09471218109130859,0.09471218109130859
0,router,kernel,"routing_gemv_kernel(__half const*, __half const*, __half*, int, int)","name:exllamav3_ext/routing.cu:210,287,344; routing_gemm.cu:83,224",672,0.0933189640045166,0.0933189640045166
1,attention_dsa,kernel,_dsa_attn_split_kernel,"name:modules/attention_fn/mla_triton.py:74,115,151,207,348; dsa_triton.py:50,291,507",160,0.09270105361938477,0.09270105361938477
0,hc_norm,kernel,"void rms_norm_kernel<0, __half, __half, __nv_bfloat16, __half>(__half const*, __nv_bfloat16 const*, __half*, __half*, float, int, int, float, float, int)","name:modules/hyperconnections.py:157,208; exllamav3_ext/hc_mix.cu:60,137,310,378,742",1728,0.08865979766845702,0.08865979766845702
1,attention_kda,kernel,"void cuda_recurrent_gated_delta_rule_kernel_128<false, 4, true, float>(__nv_bfloat16 const*, float const*, __nv_bfloat16 const*, float*, __nv_bfloat16*, int, int, int, int, int, int, float, int const*, int, float const*)",name:modules/gated_delta_net.py:1111; vendor/fla/; exllamav3_ext/libtorch/gated_delta_net.cpp,512,0.08670861053466797,0.08670861053466797
0,attention_kda,kernel,"gdn_lowrank_gemv_f_kernel(float const*, __half const*, float*, int, int)",name:modules/gated_delta_net.py:1111; vendor/fla/; exllamav3_ext/libtorch/gated_delta_net.cpp,1152,0.08341876983642578,0.08341876983642578
1,hc_norm,kernel,"void rms_norm_kernel<0, __half, __half, __nv_bfloat16, __half>(__half const*, __nv_bfloat16 const*, __half*, __half*, float, int, int, float, float, int)","name:modules/hyperconnections.py:157,208; exllamav3_ext/hc_mix.cu:60,137,310,378,742",1504,0.0799285831451416,0.0799285831451416
0,attention_dsa,kernel,_mla_absorb_kernel,"name:modules/attention_fn/mla_triton.py:74,115,151,207,348; dsa_triton.py:50,291,507",192,0.07701799011230469,0.07701799011230469
1,attention_kda,kernel,"gdn_lowrank_gemv_f_kernel(float const*, __half const*, float*, int, int)",name:modules/gated_delta_net.py:1111; vendor/fla/; exllamav3_ext/libtorch/gated_delta_net.cpp,1024,0.07699538993835449,0.07699538993835449
0,handoff,kernel,"moe_split_collect_add_kernel(float*, float const*, int const*, int, int, int, int)","name:exllamav3_ext/routing.cu:814,871,999; cpu/moe_handoff.cu:31,37",672,0.07307099151611328,0.07307099151611328
0,unknown,kernel,"std::enable_if<!(false), void>::type internal::gemvx::kernel<int, int, __half, __half, __half, float, false, true, false, false, 8, false, cublasGemvParamsEx<int, cublasGemvTensorStridedBatched<__half const>, cublasGemvTensorStridedBatched<__half const>, cublasGemvTensorStridedBatched<__half>, float> >(cublasGemvParamsEx<int, cublasGemvTensorStridedBatched<__half const>, cublasGemvTensorStridedBatched<__half const>, cublasGemvTensorStridedBatched<__half>, float>)",unmapped,384,0.06796909141540527,0.06796909141540527
1,handoff,kernel,"moe_split_collect_add_kernel(float*, float const*, int const*, int, int, int, int)","name:exllamav3_ext/routing.cu:814,871,999; cpu/moe_handoff.cu:31,37",672,0.06544082832336426,0.06544082832336426
1,handoff,kernel,"moe_split_issue_kernel(long*, long const*, float*, __half const*, __half const*, int*, __half*, __half*, int*, int, int, int, int, int, int)","name:exllamav3_ext/routing.cu:814,871,999; cpu/moe_handoff.cu:31,37",672,0.06530755043029784,0.06530755043029784
1,attention_dsa,kernel,_mla_absorb_kernel,"name:modules/attention_fn/mla_triton.py:74,115,151,207,348; dsa_triton.py:50,291,507",160,0.06469597244262695,0.06469597244262695
0,hc_norm,kernel,"void hc_apply_kernel<4, float, true, 256>(float*, float const*, float const*, float const*, int, int)","name:modules/hyperconnections.py:157,208; exllamav3_ext/hc_mix.cu:60,137,310,378,742",1536,0.06325599479675292,0.06325599479675292
1,router,kernel,"void routing_ds3_nogroup_topk_kernel<0>(__half const*, __half const*, long*, __half*, float, int, int, int)","name:exllamav3_ext/routing.cu:210,287,344; routing_gemm.cu:83,224",672,0.061496734619140625,0.061496734619140625
0,router,kernel,"void routing_ds3_nogroup_topk_kernel<0>(__half const*, __half const*, long*, __half*, float, int, int, int)","name:exllamav3_ext/routing.cu:210,287,344; routing_gemm.cu:83,224",672,0.0590559139251709,0.0590559139251709
1,unknown,kernel,"std::enable_if<!(false), void>::type internal::gemvx::kernel<int, int, __half, __half, __half, float, false, true, false, false, 8, false, cublasGemvParamsEx<int, cublasGemvTensorStridedBatched<__half const>, cublasGemvTensorStridedBatched<__half const>, cublasGemvTensorStridedBatched<__half>, float> >(cublasGemvParamsEx<int, cublasGemvTensorStridedBatched<__half const>, cublasGemvTensorStridedBatched<__half const>, cublasGemvTensorStridedBatched<__half>, float>)",unmapped,320,0.05806075477600098,0.05806075477600098
1,hc_norm,kernel,"void hc_apply_kernel<4, float, true, 256>(float*, float const*, float const*, float const*, int, int)","name:modules/hyperconnections.py:157,208; exllamav3_ext/hc_mix.cu:60,137,310,378,742",1344,0.05749038887023926,0.05749038887023926
0,handoff,kernel,"moe_split_issue_kernel(long*, long const*, float*, __half const*, __half const*, int*, __half*, __half*, int*, int, int, int, int, int, int)","name:exllamav3_ext/routing.cu:814,871,999; cpu/moe_handoff.cu:31,37",672,0.054434240341186525,0.054434240341186525
0,unknown,kernel,"void exl3_gemv_int8_sq_kernel<3, 1, true, false, false>(__half const*, unsigned short const*, void*, int, int, int, int*, __half const*, __half*, __half const*)",unmapped,96,0.0544069995880127,0.0544069995880127
0,attention_kda,kernel,"void conv1d_update_kernel<true, false>(__nv_bfloat16 const*, __nv_bfloat16*, int const*, __nv_bfloat16 const*, __nv_bfloat16 const*, __nv_bfloat16*, int, int, int, int)",name:modules/gated_delta_net.py:1111; vendor/fla/; exllamav3_ext/libtorch/gated_delta_net.cpp,576,0.049280048370361325,0.049280048370361325
1,attention_kda,kernel,"void conv1d_update_kernel<true, false>(__nv_bfloat16 const*, __nv_bfloat16*, int const*, __nv_bfloat16 const*, __nv_bfloat16 const*, __nv_bfloat16*, int, int, int, int)",name:modules/gated_delta_net.py:1111; vendor/fla/; exllamav3_ext/libtorch/gated_delta_net.cpp,512,0.0451270923614502,0.0451270923614502
0,attention_dsa,kernel,_dsa_attn_combine_kernel,"name:modules/attention_fn/mla_triton.py:74,115,151,207,348; dsa_triton.py:50,291,507",192,0.040131183624267576,0.040131183624267576
1,attention_dsa,kernel,_dsa_attn_combine_kernel,"name:modules/attention_fn/mla_triton.py:74,115,151,207,348; dsa_triton.py:50,291,507",160,0.03493913269042969,0.03493913269042969
0,hc_norm,kernel,"void gated_rms_norm_kernel<32, __half, __nv_bfloat16, float>(__nv_bfloat16 const*, __nv_bfloat16 const*, __half*, float const*, float, int, int, float, int, bool, int)","name:modules/hyperconnections.py:157,208; exllamav3_ext/hc_mix.cu:60,137,310,378,742",576,0.025492282867431642,0.025492282867431642
1,hc_norm,kernel,"void gated_rms_norm_kernel<32, __half, __nv_bfloat16, float>(__nv_bfloat16 const*, __nv_bfloat16 const*, __half*, float const*, float, int, int, float, int, bool, int)","name:modules/hyperconnections.py:157,208; exllamav3_ext/hc_mix.cu:60,137,310,378,742",512,0.022911104202270507,0.022911104202270507
0,attention_kda,kernel,"void kda_gate_op_kernel<float>(float const*, float const*, float const*, __nv_bfloat16 const*, float const*, __nv_bfloat16*, __nv_bfloat16*, float*, int, int, int, int, int, float, float)",name:modules/gated_delta_net.py:1111; vendor/fla/; exllamav3_ext/libtorch/gated_delta_net.cpp,576,0.020695613861083983,0.020695613861083983
1,attention_kda,kernel,"void kda_gate_op_kernel<float>(float const*, float const*, float const*, __nv_bfloat16 const*, float const*, __nv_bfloat16*, __nv_bfloat16*, float*, int, int, int, int, int, float, float)",name:modules/gated_delta_net.py:1111; vendor/fla/; exllamav3_ext/libtorch/gated_delta_net.cpp,512,0.01909122848510742,0.01909122848510742
0,unknown,kernel,void cutlass::Kernel2<cutlass_80_wmma_tensorop_f16_s161616gemm_f16_16x16_64x2_nn_align8>(cutlass_80_wmma_tensorop_f16_s161616gemm_f16_16x16_64x2_nn_align8::Params),unmapped,192,0.018603981018066405,0.018603981018066405
0,attention_dsa_indexer,kernel,"void dsa_topk_split_kernel<true>(__half const*, int*, __half*, int*, int, int, int, int, int const*, int, int, int)","name:modules/attention_fn/dsa_triton.py:604,665,740,799; mla_triton.py:182; exllamav3_ext/dsa_topk.cu",192,0.017620105743408204,0.017620105743408204
0,attention_dsa_indexer,kernel,_dsa_indexer_fewq_kernel,"name:modules/attention_fn/dsa_triton.py:604,665,740,799; mla_triton.py:182; exllamav3_ext/dsa_topk.cu",192,0.016982086181640627,0.016982086181640627
1,unknown,kernel,void cutlass::Kernel2<cutlass_80_wmma_tensorop_f16_s161616gemm_f16_16x16_64x2_nn_align8>(cutlass_80_wmma_tensorop_f16_s161616gemm_f16_16x16_64x2_nn_align8::Params),unmapped,160,0.016007892608642577,0.016007892608642577
1,attention_dsa_indexer,kernel,"void dsa_topk_split_kernel<true>(__half const*, int*, __half*, int*, int, int, int, int, int const*, int, int, int)","name:modules/attention_fn/dsa_triton.py:604,665,740,799; mla_triton.py:182; exllamav3_ext/dsa_topk.cu",160,0.015182056427001954,0.015182056427001954
1,attention_dsa_indexer,kernel,_dsa_indexer_fewq_kernel,"name:modules/attention_fn/dsa_triton.py:604,665,740,799; mla_triton.py:182; exllamav3_ext/dsa_topk.cu",160,0.014487028121948242,0.014487028121948242
0,attention_dsa_indexer,kernel,_dsa_pool_update_kernel,"name:modules/attention_fn/dsa_triton.py:604,665,740,799; mla_triton.py:182; exllamav3_ext/dsa_topk.cu",192,0.014250137329101563,0.014250137329101563
1,attention_dsa_indexer,kernel,_dsa_pool_update_kernel,"name:modules/attention_fn/dsa_triton.py:604,665,740,799; mla_triton.py:182; exllamav3_ext/dsa_topk.cu",160,0.01227806282043457,0.01227806282043457
0,attention_dsa,kernel,_mla_plane_update_kernel,"name:modules/attention_fn/mla_triton.py:74,115,151,207,348; dsa_triton.py:50,291,507",384,0.010037784576416015,0.010037784576416015
1,attention_dsa,kernel,_mla_plane_update_kernel,"name:modules/attention_fn/mla_triton.py:74,115,151,207,348; dsa_triton.py:50,291,507",320,0.008831998825073243,0.008831998825073243
0,attention_dsa,kernel,_mla_kv_quant_scatter_kernel,"name:modules/attention_fn/mla_triton.py:74,115,151,207,348; dsa_triton.py:50,291,507",192,0.00787493896484375,0.00787493896484375
0,attention_dsa_indexer,kernel,_mla_idx_norm_kernel,"name:modules/attention_fn/dsa_triton.py:604,665,740,799; mla_triton.py:182; exllamav3_ext/dsa_topk.cu",192,0.007124809265136719,0.007124809265136719
0,attention_dsa,kernel,_mla_stage_kernel,"name:modules/attention_fn/mla_triton.py:74,115,151,207,348; dsa_triton.py:50,291,507",192,0.00683504867553711,0.00683504867553711
1,attention_dsa,kernel,_mla_kv_quant_scatter_kernel,"name:modules/attention_fn/mla_triton.py:74,115,151,207,348; dsa_triton.py:50,291,507",160,0.006668926239013672,0.006668926239013672
0,unknown,kernel,"void cublasLt::splitKreduce_kernel<32, 16, int, __half, __half, float, __half, false, __half, __half, __half, true, false, false>(cublasLt::cublasSplitKParams<float>, __half const*, __half const*, __half*, __half*, float const*, float const*, __half const*, __half const*, __half*, void*, long, float*, int*, float*, float*, float const*, float const*, float const*, float const*, float const*)",unmapped,192,0.006505176544189453,0.006505176544189453
1,attention_dsa_indexer,kernel,_mla_idx_norm_kernel,"name:modules/attention_fn/dsa_triton.py:604,665,740,799; mla_triton.py:182; exllamav3_ext/dsa_topk.cu",160,0.006054941177368164,0.006054941177368164
1,attention_dsa,kernel,_mla_stage_kernel,"name:modules/attention_fn/mla_triton.py:74,115,151,207,348; dsa_triton.py:50,291,507",160,0.005841041564941406,0.005841041564941406
0,unknown,kernel,"void quant_cache_cont_kernel<8>(__half const*, unsigned int*, __half*, int, float)",unmapped,192,0.005610685348510742,0.005610685348510742
1,unknown,kernel,"void cublasLt::splitKreduce_kernel<32, 16, int, __half, __half, float, __half, false, __half, __half, __half, true, false, false>(cublasLt::cublasSplitKParams<float>, __half const*, __half const*, __half*, __half*, float const*, float const*, __half const*, __half const*, __half*, void*, long, float*, int*, float*, float*, float const*, float const*, float const*, float const*, float const*)",unmapped,160,0.005584018707275391,0.005584018707275391
1,unknown,kernel,"void quant_cache_cont_kernel<8>(__half const*, unsigned int*, __half*, int, float)",unmapped,160,0.0048999271392822265,0.0048999271392822265
0,unknown,kernel,"void copy2d_kernel<__half>(__half const*, __half*, int, int, int)",unmapped,192,0.004381845474243164,0.004381845474243164
0,attention_dsa_indexer,kernel,_dsa_pool_expand_kernel,"name:modules/attention_fn/dsa_triton.py:604,665,740,799; mla_triton.py:182; exllamav3_ext/dsa_topk.cu",192,0.003935966491699219,0.003935966491699219
1,unknown,kernel,"void copy2d_kernel<__half>(__half const*, __half*, int, int, int)",unmapped,160,0.003783151626586914,0.003783151626586914
1,attention_dsa_indexer,kernel,_dsa_pool_expand_kernel,"name:modules/attention_fn/dsa_triton.py:604,665,740,799; mla_triton.py:182; exllamav3_ext/dsa_topk.cu",160,0.003580982208251953,0.003580982208251953
1,unknown,kernel,"void at::native::reduce_kernel<128, 4, at::native::ReduceOp<float, at::native::MeanOps<float, float, float, float>, unsigned int, float, 4, 4> >(at::native::ReduceOp<float, at::native::MeanOps<float, float, float, float>, unsigned int, float, 4, 4>)",unmapped,32,0.002944028854370117,0.002944028854370117
1,sampling_head,kernel,"void (anonymous namespace)::fs_partial_argmax_kernel<__half, 0>(__half const*, __half const*, unsigned int const*, float const*, ValIdx*, unsigned char const*, int, int, int, bool, int, float, float, int, float, unsigned int)",name:generator/sampler/; architecture/glm5_next.py:head,32,0.0026899662017822266,0.0026899662017822266
0,unknown,kernel,"void act_mul_kernel_h<0>(__half const*, __half const*, __half*, float, unsigned long)",unmapped,96,0.002342996597290039,0.002342996597290039
1,hc_norm,kernel,"void rms_norm_kernel<0, float, __half, __nv_bfloat16, float>(float const*, __nv_bfloat16 const*, __half*, float*, float, int, int, float, float, int)","name:modules/hyperconnections.py:157,208; exllamav3_ext/hc_mix.cu:60,137,310,378,742",32,0.0018219947814941406,0.0018219947814941406
1,unknown,kernel,"(anonymous namespace)::fs_finalize_kernel(ValIdx const*, unsigned long*, int)",unmapped,32,0.0014289722442626953,0.0014289722442626953
0,device_transfer,gpu_memcpy,Memcpy HtoD (Pinned -> Device),activity:gpu_memcpy,96,0.0013259410858154296,0.0013259410858154296
0,unknown,kernel,"void at::native::elementwise_kernel<128, 2, at::native::gpu_kernel_impl_nocast<at::native::direct_copy_kernel_cuda(at::TensorIteratorBase&)::{lambda()#3}::operator()() const::{lambda()#7}::operator()() const::{lambda(float)#1}>(at::TensorIteratorBase&, at::native::direct_copy_kernel_cuda(at::TensorIteratorBase&)::{lambda()#3}::operator()() const::{lambda()#7}::operator()() const::{lambda(float)#1} const&)::{lambda(int)#1}>(int, at::native::gpu_kernel_impl_nocast<at::native::direct_copy_kernel_cuda(at::TensorIteratorBase&)::{lambda()#3}::operator()() const::{lambda()#7}::operator()() const::{lambda(float)#1}>(at::TensorIteratorBase&, at::native::direct_copy_kernel_cuda(at::TensorIteratorBase&)::{lambda()#3}::operator()() const::{lambda()#7}::operator()() const::{lambda(float)#1} const&)::{lambda(int)#1})",unmapped,32,0.0011529579162597656,0.0011529579162597656
1,unknown,kernel,"void at::native::vectorized_elementwise_kernel<4, at::native::FillFunctor<c10::Half>, std::array<char*, 1ul> >(int, at::native::FillFunctor<c10::Half>, std::array<char*, 1ul>)",unmapped,32,0.001131999969482422,0.001131999969482422
1,device_transfer,gpu_memcpy,Memcpy HtoD (Pinned -> Device),activity:gpu_memcpy,64,0.0008730678558349609,0.0008730678558349609
1,device_transfer,gpu_memcpy,Memcpy DtoH (Device -> Pinned),activity:gpu_memcpy,32,0.0005200176239013672,0.0005200176239013672
