step,rows,wall_ms
0,1,28.104580007493496
1,1,19.120027078315616
2,1,27.06027904059738
3,1,20.21134609822184
4,1,25.168578955344856
5,1,18.40156107209623
6,1,21.73632406629622
7,1,25.82727198023349
8,1,25.324714020825922
9,1,21.572304074652493
10,1,27.765479986555874
11,1,27.063344954513013
12,1,24.17345205321908
13,1,27.020293986424804
14,1,26.411485043354332
15,1,26.448594988323748
16,1,27.00127800926566
17,1,23.64689903333783
18,1,26.241763960570097
19,1,26.83530398644507
20,1,25.908996001817286
21,1,26.283062994480133
22,1,27.226843987591565
23,1,26.71305392868817
24,1,25.273637962527573
25,1,26.907690917141736
26,1,24.933756911195815
27,1,26.115395012311637
28,1,25.332499062642455
29,1,26.417655986733735
30,1,26.980817900039256
31,1,26.465025963261724
